{
  "loss": [
    0.25592872500419617,
    0.22339504957199097,
    0.2014094591140747,
    0.18261674046516418,
    0.16884730756282806,
    0.15610980987548828,
    0.1474151909351349,
    0.13793890178203583,
    0.12535959482192993,
    0.11621399968862534,
    0.10785448551177979,
    0.09811323136091232,
    0.0897020623087883,
    0.08389979600906372,
    0.07461230456829071,
    0.06814921647310257,
    0.05769876763224602,
    0.05442442372441292,
    0.04886234551668167,
    0.045125655829906464,
    0.04211870953440666,
    0.03744380921125412,
    0.037846639752388,
    0.0348985381424427,
    0.032439373433589935,
    0.03154868260025978,
    0.02908095344901085,
    0.028886819258332253,
    0.028704490512609482,
    0.029164206236600876,
    0.02660049870610237,
    0.025519482791423798,
    0.024688810110092163,
    0.026819825172424316,
    0.02518691122531891,
    0.0244591161608696,
    0.021439945325255394,
    0.024876689538359642,
    0.023790644481778145,
    0.023246172815561295,
    0.022368483245372772,
    0.021298374980688095,
    0.022477038204669952,
    0.021449705585837364,
    0.021460842341184616,
    0.022376520559191704,
    0.02124079503118992,
    0.021797075867652893,
    0.021610034629702568,
    0.02004549652338028
  ],
  "val_loss": [
    0.20177961885929108,
    0.19610314071178436,
    0.1898035705089569,
    0.18332958221435547,
    0.17671166360378265,
    0.17011421918869019,
    0.16346599161624908,
    0.156492218375206,
    0.14958463609218597,
    0.142499640583992,
    0.13567215204238892,
    0.12818215787410736,
    0.12097126990556717,
    0.11317295581102371,
    0.10612811148166656,
    0.09932531416416168,
    0.09335796535015106,
    0.08649337291717529,
    0.08047876507043839,
    0.07541441917419434,
    0.07024909555912018,
    0.06556911021471024,
    0.061125777661800385,
    0.05769503116607666,
    0.054940614849328995,
    0.0519498810172081,
    0.0490788109600544,
    0.046756088733673096,
    0.04434607923030853,
    0.0418059378862381,
    0.03970339521765709,
    0.03766251355409622,
    0.03568568453192711,
    0.033263660967350006,
    0.03160582855343819,
    0.030518995597958565,
    0.02958620712161064,
    0.028553759679198265,
    0.027413133531808853,
    0.02606579288840294,
    0.025216979905962944,
    0.02454742230474949,
    0.02366551011800766,
    0.023181170225143433,
    0.022638114169239998,
    0.022156884893774986,
    0.021504703909158707,
    0.020894179120659828,
    0.020502325147390366,
    0.020194243639707565
  ]
}