{
  "loss": [
    0.25887858867645264,
    0.22973640263080597,
    0.20530927181243896,
    0.18463563919067383,
    0.1686866581439972,
    0.15621061623096466,
    0.14374542236328125,
    0.13255290687084198,
    0.12324107438325882,
    0.11689043045043945,
    0.10550069063901901,
    0.09625539183616638,
    0.08621050417423248,
    0.08158368617296219,
    0.07170820981264114,
    0.06417691707611084,
    0.05776713788509369,
    0.05369911342859268,
    0.049960289150476456,
    0.04469854384660721,
    0.04276341199874878,
    0.040844403207302094,
    0.03839680925011635,
    0.03512406349182129,
    0.0346103198826313,
    0.031725987792015076,
    0.03217625617980957,
    0.03106655552983284,
    0.03059089183807373,
    0.029383303597569466,
    0.029395027086138725,
    0.027325347065925598,
    0.0273454412817955,
    0.02677907980978489,
    0.02654416486620903,
    0.025361431762576103,
    0.027086647227406502,
    0.025665827095508575,
    0.024248983711004257,
    0.024655980989336967,
    0.024228017777204514,
    0.023306753486394882,
    0.022388972342014313,
    0.024105843156576157,
    0.02206488326191902,
    0.024295033887028694,
    0.024000361561775208,
    0.02225032076239586,
    0.02211323380470276,
    0.021024107933044434
  ],
  "val_loss": [
    0.2016831338405609,
    0.19715164601802826,
    0.19147589802742004,
    0.18551422655582428,
    0.17951533198356628,
    0.17372013628482819,
    0.16688044369220734,
    0.15962010622024536,
    0.15194584429264069,
    0.14410775899887085,
    0.1362343579530716,
    0.12813305854797363,
    0.11938954144716263,
    0.1115778237581253,
    0.10405284911394119,
    0.09748129546642303,
    0.09104900807142258,
    0.08501056581735611,
    0.07964060455560684,
    0.07490959763526917,
    0.07090088725090027,
    0.0666431337594986,
    0.06330592930316925,
    0.05947099253535271,
    0.056118372827768326,
    0.05361234024167061,
    0.05089999735355377,
    0.04795147106051445,
    0.045108016580343246,
    0.042449574917554855,
    0.03996513783931732,
    0.038081247359514236,
    0.03658092021942139,
    0.03496991842985153,
    0.033373527228832245,
    0.03225535899400711,
    0.0312526598572731,
    0.030210820958018303,
    0.029128191992640495,
    0.02805226668715477,
    0.027223749086260796,
    0.026665570214390755,
    0.026413453742861748,
    0.025918692350387573,
    0.025336554273962975,
    0.024491095915436745,
    0.023965992033481598,
    0.023722343146800995,
    0.023725736886262894,
    0.02344944141805172
  ]
}