Packet_Size,Duration,Protocol,Packets_Per_Second,Bytes_Per_Second,Unique_IPs_Per_Second,SYN_Count,ACK_Count,RST_Count,FIN_Count,Avg_Packet_Size,Flow_Duration,Reconstruction_Error,Anomaly_Score,Is_Anomaly,Attack_Type,Attack_Confidence
350,0.8,1,0,0,0,0,0,0,0,0,0,0.2179355012259209,0.8091823808505588,False,Normal,0.0
420,1.2,2,0,0,0,0,0,0,0,0,0,0.2590381009417348,0.9617940448984077,False,Normal,0.0
380,0.9,1,0,0,0,0,0,0,0,0,0,0.2257232713410157,0.8380979376451199,False,Normal,0.0
200,0.4,3,0,0,0,0,0,0,0,0,0,0.2707554222516197,1.0052998064718504,True,Normal,0.0
500,1.0,1,0,0,0,0,0,0,0,0,0,0.25665656326653064,0.9529515281204308,False,Normal,0.0
480,1.1,2,0,0,0,0,0,0,0,0,0,0.2650458763832135,0.9841005805844487,False,Normal,0.0
