Packet_Size,Duration,Protocol,Src_IP,Dst_IP,Reconstruction_Error,Anomaly
350,0.8,1,192.168.1.2,10.0.0.1,10092.334465333333,False
420,1.2,2,192.168.1.3,10.0.0.2,14561.81304237037,False
380,0.9,1,192.168.1.4,10.0.0.3,11907.334317814815,False
200,0.4,3,192.168.1.5,10.0.0.4,3270.6683894814814,False
500,1.0,1,192.168.1.6,10.0.0.5,20667.33417037037,False
480,1.1,2,192.168.1.7,10.0.0.6,19041.813189666667,False
